seed,rank,demo_id,demo_index,score,hidden_label
0,1,demo_1202,1202,0.9965934157371521,positive
0,2,demo_1422,1422,0.9965640306472778,positive
0,3,demo_1282,1282,0.9964258670806885,positive
0,4,demo_1464,1464,0.9961816668510437,positive
0,5,demo_1460,1460,0.9959360957145691,positive
0,6,demo_1333,1333,0.9959082007408142,positive
0,7,demo_1367,1367,0.9958674311637878,positive
0,8,demo_1332,1332,0.9957279562950134,positive
0,9,demo_1226,1226,0.9956167340278625,positive
0,10,demo_1328,1328,0.9950490593910217,positive
0,11,demo_1290,1290,0.9946089386940002,positive
0,12,demo_1469,1469,0.9942209720611572,positive
0,13,demo_1208,1208,0.994198739528656,positive
0,14,demo_1431,1431,0.9941363334655762,positive
0,15,demo_1488,1488,0.9938158392906189,positive
0,16,demo_1220,1220,0.9936619997024536,positive
0,17,demo_1485,1485,0.993069052696228,positive
0,18,demo_1300,1300,0.9928381443023682,positive
0,19,demo_1365,1365,0.9926964044570923,positive
0,20,demo_1246,1246,0.9924719333648682,positive
0,21,demo_1483,1483,0.9923864006996155,positive
0,22,demo_1245,1245,0.992063581943512,positive
0,23,demo_1315,1315,0.9919057488441467,positive
0,24,demo_1487,1487,0.9915446043014526,positive
0,25,demo_1308,1308,0.9910671710968018,positive
0,26,demo_1397,1397,0.9909905791282654,positive
0,27,demo_1389,1389,0.9905889630317688,positive
0,28,demo_1297,1297,0.9905584454536438,positive
0,29,demo_1477,1477,0.9904428124427795,positive
0,30,demo_1412,1412,0.9902585744857788,positive
0,31,demo_1116,1116,0.9902344942092896,positive
0,32,demo_1440,1440,0.9900786280632019,positive
0,33,demo_1312,1312,0.989670991897583,positive
0,34,demo_1334,1334,0.9896283149719238,positive
0,35,demo_1414,1414,0.989615261554718,positive
0,36,demo_1468,1468,0.9890532493591309,positive
0,37,demo_1348,1348,0.9876996874809265,positive
0,38,demo_1378,1378,0.9876452684402466,positive
0,39,demo_1386,1386,0.9871010184288025,positive
0,40,demo_1445,1445,0.9863467216491699,positive
0,41,demo_1221,1221,0.986336886882782,positive
0,42,demo_1405,1405,0.9856645464897156,positive
0,43,demo_1448,1448,0.9841518402099609,positive
0,44,demo_1259,1259,0.9841123223304749,positive
0,45,demo_1481,1481,0.9840409159660339,positive
0,46,demo_1210,1210,0.9838504195213318,positive
0,47,demo_1462,1462,0.9838368892669678,positive
0,48,demo_1425,1425,0.9830973148345947,positive
0,49,demo_1402,1402,0.9829618334770203,positive
0,50,demo_1266,1266,0.9824239015579224,positive
0,51,demo_1353,1353,0.9822790622711182,positive
0,52,demo_1350,1350,0.9819187521934509,positive
0,53,demo_1465,1465,0.9817458987236023,positive
0,54,demo_1472,1472,0.9815757274627686,positive
0,55,demo_1400,1400,0.9814654588699341,positive
0,56,demo_1343,1343,0.9813511967658997,positive
0,57,demo_1413,1413,0.9810807108879089,positive
0,58,demo_1243,1243,0.9804949760437012,positive
0,59,demo_1387,1387,0.9796323776245117,positive
0,60,demo_1339,1339,0.9791628122329712,positive
0,61,demo_1439,1439,0.9791011810302734,positive
0,62,demo_1429,1429,0.9784695506095886,positive
0,63,demo_1344,1344,0.9782249927520752,positive
0,64,demo_1479,1479,0.9779492020606995,positive
0,65,demo_1463,1463,0.9776566624641418,positive
0,66,demo_1269,1269,0.977276623249054,positive
0,67,demo_1198,1198,0.9771626591682434,positive
0,68,demo_1294,1294,0.9768168926239014,positive
0,69,demo_1316,1316,0.9766438007354736,positive
0,70,demo_1362,1362,0.9764851927757263,bad
0,71,demo_1491,1491,0.9763985276222229,bad
0,72,demo_1342,1342,0.9762689471244812,positive
0,73,demo_1255,1255,0.9756138324737549,positive
0,74,demo_1421,1421,0.9751789569854736,positive
0,75,demo_1182,1182,0.9743663668632507,positive
0,76,demo_1232,1232,0.9743053913116455,positive
0,77,demo_1279,1279,0.9742116332054138,positive
0,78,demo_1456,1456,0.9737964868545532,positive
0,79,demo_1466,1466,0.9731807708740234,positive
0,80,demo_1457,1457,0.9728277325630188,bad
0,81,demo_1500,1500,0.9715779423713684,positive
0,82,demo_1322,1322,0.9711912870407104,positive
0,83,demo_1399,1399,0.9686979055404663,bad
0,84,demo_1335,1335,0.9686596393585205,positive
0,85,demo_1390,1390,0.9681911468505859,positive
0,86,demo_1283,1283,0.968000054359436,positive
0,87,demo_1454,1454,0.9676352739334106,positive
0,88,demo_1209,1209,0.9664492607116699,positive
0,89,demo_1424,1424,0.9652014374732971,positive
0,90,demo_1306,1306,0.9650507569313049,positive
0,91,demo_1235,1235,0.9649715423583984,positive
0,92,demo_1237,1237,0.9645199775695801,positive
0,93,demo_1222,1222,0.9630566239356995,positive
0,94,demo_1329,1329,0.9625669121742249,positive
0,95,demo_1233,1233,0.9625028371810913,positive
0,96,demo_1047,1047,0.9613451957702637,positive
0,97,demo_1436,1436,0.9604533910751343,positive
0,98,demo_1471,1471,0.9590913653373718,positive
0,99,demo_1261,1261,0.9580965042114258,positive
0,100,demo_1458,1458,0.9554514288902283,positive
0,101,demo_1323,1323,0.9551745653152466,positive
0,102,demo_1326,1326,0.9549363255500793,positive
0,103,demo_1375,1375,0.9549118876457214,positive
0,104,demo_1281,1281,0.9538623094558716,positive
0,105,demo_1223,1223,0.95345538854599,positive
0,106,demo_1346,1346,0.9531705975532532,positive
0,107,demo_1204,1204,0.9522383809089661,positive
0,108,demo_1267,1267,0.950823962688446,positive
0,109,demo_1231,1231,0.9491670727729797,positive
0,110,demo_1303,1303,0.9488086104393005,positive
0,111,demo_1301,1301,0.947685956954956,positive
0,112,demo_1095,1095,0.9470809102058411,positive
0,113,demo_1398,1398,0.9464589357376099,positive
0,114,demo_1298,1298,0.9449877738952637,positive
0,115,demo_1291,1291,0.942759096622467,positive
0,116,demo_1357,1357,0.9421597123146057,positive
0,117,demo_1341,1341,0.9421525001525879,positive
0,118,demo_1443,1443,0.942068874835968,positive
0,119,demo_1347,1347,0.9414174556732178,positive
0,120,demo_1260,1260,0.9401708245277405,positive
0,121,demo_1008,1008,0.9395473003387451,positive
0,122,demo_1432,1432,0.9383066892623901,positive
0,123,demo_1379,1379,0.9352697730064392,bad
0,124,demo_1352,1352,0.9300620555877686,positive
0,125,demo_1302,1302,0.9271844625473022,positive
0,126,demo_1219,1219,0.9257861375808716,positive
0,127,demo_1305,1305,0.9248158931732178,positive
0,128,demo_939,939,0.9237809181213379,bad
0,129,demo_1474,1474,0.9197442531585693,positive
0,130,demo_1364,1364,0.919660210609436,bad
0,131,demo_1406,1406,0.9176149368286133,positive
0,132,demo_1244,1244,0.9142879247665405,positive
0,133,demo_1380,1380,0.9132809638977051,positive
0,134,demo_1206,1206,0.913231611251831,positive
0,135,demo_1313,1313,0.9102162718772888,positive
0,136,demo_1395,1395,0.9101921319961548,positive
0,137,demo_1480,1480,0.9100530743598938,positive
0,138,demo_1239,1239,0.9098840355873108,positive
0,139,demo_1453,1453,0.9074488282203674,positive
0,140,demo_1011,1011,0.9064123630523682,bad
0,141,demo_1360,1360,0.9051931500434875,positive
0,142,demo_1108,1108,0.9024930596351624,positive
0,143,demo_1273,1273,0.9013118743896484,positive
0,144,demo_1205,1205,0.9009526371955872,positive
0,145,demo_1242,1242,0.8999406099319458,positive
0,146,demo_1388,1388,0.8992371559143066,positive
0,147,demo_1252,1252,0.8983407616615295,positive
0,148,demo_1403,1403,0.8982306122779846,positive
0,149,demo_1494,1494,0.8918756246566772,positive
0,150,demo_1277,1277,0.8916234374046326,positive
0,151,demo_1175,1175,0.8911616802215576,positive
0,152,demo_1034,1034,0.8897401690483093,positive
0,153,demo_1265,1265,0.8891260027885437,positive
0,154,demo_1408,1408,0.8869539499282837,positive
0,155,demo_975,975,0.8836588263511658,positive
0,156,demo_1280,1280,0.8828415870666504,positive
0,157,demo_1163,1163,0.877293586730957,bad
0,158,demo_1384,1384,0.8766477704048157,bad
0,159,demo_1230,1230,0.8765601515769958,positive
0,160,demo_1216,1216,0.8746412992477417,positive
0,161,demo_1165,1165,0.8728579878807068,bad
0,162,demo_1435,1435,0.8671470284461975,positive
0,163,demo_1489,1489,0.8667804002761841,positive
0,164,demo_1404,1404,0.8655487895011902,bad
0,165,demo_1284,1284,0.8635553121566772,positive
0,166,demo_1417,1417,0.861545741558075,positive
0,167,demo_1169,1169,0.8575780987739563,bad
0,168,demo_1212,1212,0.8531760573387146,positive
0,169,demo_1241,1241,0.8506437540054321,positive
0,170,demo_1495,1495,0.8471181392669678,positive
0,171,demo_1019,1019,0.8467819690704346,positive
0,172,demo_1143,1143,0.8462923765182495,bad
0,173,demo_1411,1411,0.8459754586219788,positive
0,174,demo_1236,1236,0.8397108316421509,positive
0,175,demo_1207,1207,0.8390927910804749,positive
0,176,demo_1217,1217,0.8372122049331665,positive
0,177,demo_956,956,0.8369452357292175,positive
0,178,demo_1401,1401,0.8326034545898438,positive
0,179,demo_1253,1253,0.8241967558860779,positive
0,180,demo_1370,1370,0.8241386413574219,positive
0,181,demo_1026,1026,0.8220047354698181,bad
0,182,demo_893,893,0.8219572901725769,bad
0,183,demo_1059,1059,0.8216937780380249,bad
0,184,demo_1490,1490,0.8207387328147888,positive
0,185,demo_1075,1075,0.8182612657546997,positive
0,186,demo_1249,1249,0.8167823553085327,positive
0,187,demo_608,608,0.8071050047874451,bad
0,188,demo_1150,1150,0.805375337600708,positive
0,189,demo_1032,1032,0.8042192459106445,positive
0,190,demo_1092,1092,0.8041379451751709,bad
0,191,demo_1099,1099,0.7933260202407837,positive
0,192,demo_1426,1426,0.7876737713813782,bad
0,193,demo_1321,1321,0.7834463715553284,positive
0,194,demo_1278,1278,0.7824047803878784,positive
0,195,demo_1292,1292,0.7795830965042114,positive
0,196,demo_1100,1100,0.7788152694702148,positive
0,197,demo_1081,1081,0.7785877585411072,positive
0,198,demo_1394,1394,0.7691289782524109,positive
0,199,demo_1120,1120,0.7672213912010193,bad
0,200,demo_858,858,0.7652284502983093,bad
0,201,demo_1419,1419,0.7636293768882751,positive
0,202,demo_1049,1049,0.7630007863044739,positive
0,203,demo_1427,1427,0.7616395950317383,bad
0,204,demo_1410,1410,0.761444628238678,positive
0,205,demo_1467,1467,0.7584542632102966,positive
0,206,demo_942,942,0.7584275603294373,bad
0,207,demo_1218,1218,0.7540081739425659,positive
0,208,demo_816,816,0.7513052225112915,bad
0,209,demo_1161,1161,0.7505462765693665,positive
0,210,demo_1317,1317,0.7500043511390686,bad
0,211,demo_1441,1441,0.7492047548294067,positive
0,212,demo_1138,1138,0.7485517263412476,positive
0,213,demo_1197,1197,0.747081995010376,bad
0,214,demo_1270,1270,0.7450215816497803,positive
0,215,demo_1188,1188,0.7432078123092651,bad
0,216,demo_933,933,0.7428362965583801,positive
0,217,demo_1423,1423,0.7418834567070007,positive
0,218,demo_1430,1430,0.7408994436264038,bad
0,219,demo_1227,1227,0.7408684492111206,bad
0,220,demo_1455,1455,0.7381113171577454,positive
0,221,demo_1264,1264,0.7380061745643616,bad
0,222,demo_910,910,0.737952709197998,positive
0,223,demo_1186,1186,0.7364773154258728,bad
0,224,demo_1141,1141,0.7347696423530579,positive
0,225,demo_929,929,0.7291342616081238,bad
0,226,demo_1211,1211,0.7281707525253296,positive
0,227,demo_1470,1470,0.7266576290130615,positive
0,228,demo_1499,1499,0.726142168045044,positive
0,229,demo_1361,1361,0.7237209677696228,positive
0,230,demo_1382,1382,0.723472535610199,positive
0,231,demo_1263,1263,0.7218302488327026,bad
0,232,demo_1101,1101,0.7199468016624451,positive
0,233,demo_1060,1060,0.7176101803779602,positive
0,234,demo_1224,1224,0.7156113982200623,positive
0,235,demo_763,763,0.7155494093894958,bad
0,236,demo_995,995,0.7116014361381531,bad
0,237,demo_1076,1076,0.7097411155700684,positive
0,238,demo_1214,1214,0.7080482244491577,positive
0,239,demo_1355,1355,0.7071255445480347,bad
0,240,demo_1148,1148,0.7053332328796387,bad
0,241,demo_1119,1119,0.705135703086853,bad
0,242,demo_1286,1286,0.7010816335678101,bad
0,243,demo_953,953,0.6979610323905945,bad
0,244,demo_1139,1139,0.6931034326553345,bad
0,245,demo_1170,1170,0.6919680833816528,bad
0,246,demo_1057,1057,0.691422700881958,positive
0,247,demo_856,856,0.6906940340995789,bad
0,248,demo_705,705,0.6902781128883362,bad
0,249,demo_997,997,0.6884584426879883,positive
0,250,demo_967,967,0.6871638298034668,bad
0,251,demo_1325,1325,0.6848313212394714,positive
0,252,demo_903,903,0.6838587522506714,positive
0,253,demo_1082,1082,0.683680534362793,bad
0,254,demo_1296,1296,0.6803063750267029,positive
0,255,demo_1295,1295,0.6798597574234009,positive
0,256,demo_1162,1162,0.6795786023139954,positive
0,257,demo_1036,1036,0.6773227453231812,positive
0,258,demo_1193,1193,0.6746569871902466,positive
0,259,demo_952,952,0.6735492944717407,positive
0,260,demo_1087,1087,0.6726270318031311,positive
0,261,demo_938,938,0.6707321405410767,positive
0,262,demo_1058,1058,0.6691174507141113,bad
0,263,demo_980,980,0.6689621210098267,bad
0,264,demo_1473,1473,0.66562420129776,positive
0,265,demo_709,709,0.6625308990478516,bad
0,266,demo_1276,1276,0.6621293425559998,positive
0,267,demo_1320,1320,0.6598250269889832,positive
0,268,demo_594,594,0.6586769819259644,bad
0,269,demo_922,922,0.6551946401596069,positive
0,270,demo_1493,1493,0.654033899307251,positive
0,271,demo_408,408,0.6531107425689697,bad
0,272,demo_909,909,0.652716875076294,bad
0,273,demo_949,949,0.6498655676841736,positive
0,274,demo_1376,1376,0.6455305218696594,positive
0,275,demo_1311,1311,0.6433306932449341,positive
0,276,demo_843,843,0.6414310932159424,bad
0,277,demo_1089,1089,0.6369228363037109,bad
0,278,demo_691,691,0.6348516941070557,bad
0,279,demo_920,920,0.6273056864738464,bad
0,280,demo_116,116,0.6234624981880188,bad
0,281,demo_946,946,0.6178649067878723,bad
0,282,demo_905,905,0.6165456175804138,bad
0,283,demo_1199,1199,0.6164894104003906,positive
0,284,demo_1377,1377,0.616294801235199,positive
0,285,demo_1192,1192,0.614997148513794,bad
0,286,demo_1262,1262,0.6141160726547241,bad
0,287,demo_1068,1068,0.6133972406387329,positive
0,288,demo_1114,1114,0.6130924224853516,positive
0,289,demo_966,966,0.6129906177520752,positive
0,290,demo_609,609,0.6067418456077576,bad
0,291,demo_1366,1366,0.6048069000244141,bad
0,292,demo_923,923,0.5961362719535828,positive
0,293,demo_792,792,0.5920633673667908,bad
0,294,demo_1368,1368,0.5908087491989136,positive
0,295,demo_553,553,0.5883867144584656,bad
0,296,demo_965,965,0.5866173505783081,positive
0,297,demo_1160,1160,0.5862923264503479,positive
0,298,demo_1363,1363,0.5841341018676758,bad
0,299,demo_1140,1140,0.5834509134292603,positive
0,300,demo_1354,1354,0.5820263624191284,bad
0,301,demo_1407,1407,0.5791742205619812,bad
0,302,demo_1356,1356,0.5786184668540955,bad
0,303,demo_998,998,0.5738503932952881,positive
0,304,demo_1017,1017,0.5676913857460022,bad
0,305,demo_253,253,0.5657327771186829,bad
0,306,demo_1190,1190,0.5627692937850952,positive
0,307,demo_1158,1158,0.5620635747909546,bad
0,308,demo_1084,1084,0.5606171488761902,positive
0,309,demo_1024,1024,0.5601298809051514,positive
0,310,demo_1337,1337,0.5578187108039856,positive
0,311,demo_1077,1077,0.5566463470458984,bad
0,312,demo_672,672,0.5544350147247314,bad
0,313,demo_1392,1392,0.5485605597496033,positive
0,314,demo_1088,1088,0.534848153591156,bad
0,315,demo_756,756,0.5319898128509521,bad
0,316,demo_1018,1018,0.5312252044677734,bad
0,317,demo_1042,1042,0.5300193428993225,bad
0,318,demo_1007,1007,0.5295528173446655,bad
0,319,demo_896,896,0.5280224680900574,bad
0,320,demo_1145,1145,0.5277196764945984,bad
0,321,demo_103,103,0.5249457359313965,bad
0,322,demo_692,692,0.5240751504898071,bad
0,323,demo_901,901,0.5197875499725342,positive
0,324,demo_575,575,0.5178276896476746,bad
0,325,demo_1055,1055,0.5176289081573486,positive
0,326,demo_743,743,0.5164914727210999,bad
0,327,demo_701,701,0.5110898017883301,bad
0,328,demo_815,815,0.5096813440322876,bad
0,329,demo_1048,1048,0.5071985721588135,bad
0,330,demo_1062,1062,0.5053258538246155,bad
0,331,demo_1437,1437,0.5021785497665405,bad
0,332,demo_220,220,0.4925347864627838,bad
0,333,demo_1013,1013,0.489449143409729,bad
0,334,demo_295,295,0.48498377203941345,bad
0,335,demo_799,799,0.48489364981651306,bad
0,336,demo_1475,1475,0.4814201295375824,positive
0,337,demo_235,235,0.4803350269794464,bad
0,338,demo_914,914,0.4790789783000946,bad
0,339,demo_918,918,0.4776061475276947,bad
0,340,demo_1482,1482,0.477542519569397,bad
0,341,demo_204,204,0.4751335680484772,bad
0,342,demo_795,795,0.47360676527023315,bad
0,343,demo_971,971,0.46766549348831177,bad
0,344,demo_376,376,0.466587632894516,bad
0,345,demo_1136,1136,0.46624627709388733,bad
0,346,demo_805,805,0.463957279920578,bad
0,347,demo_1043,1043,0.46306467056274414,bad
0,348,demo_1003,1003,0.46262115240097046,positive
0,349,demo_883,883,0.4621240198612213,bad
0,350,demo_1040,1040,0.461208701133728,bad
0,351,demo_1147,1147,0.4604423940181732,bad
0,352,demo_445,445,0.4589310586452484,bad
0,353,demo_820,820,0.4580674171447754,bad
0,354,demo_1137,1137,0.45718705654144287,bad
0,355,demo_1016,1016,0.4570639133453369,bad
0,356,demo_870,870,0.45051345229148865,bad
0,357,demo_1434,1434,0.449820339679718,bad
0,358,demo_826,826,0.44718384742736816,bad
0,359,demo_1340,1340,0.4463554918766022,bad
0,360,demo_962,962,0.4417416453361511,bad
0,361,demo_1240,1240,0.4395884573459625,positive
0,362,demo_1324,1324,0.4378468692302704,bad
0,363,demo_972,972,0.4377550780773163,positive
0,364,demo_1144,1144,0.43764129281044006,bad
0,365,demo_936,936,0.43036314845085144,positive
0,366,demo_1496,1496,0.4295506775379181,bad
0,367,demo_67,67,0.42306292057037354,bad
0,368,demo_1172,1172,0.4229266345500946,bad
0,369,demo_667,667,0.4228086769580841,bad
0,370,demo_1184,1184,0.4212559461593628,positive
0,371,demo_1428,1428,0.42022016644477844,positive
0,372,demo_1027,1027,0.4197956919670105,bad
0,373,demo_1272,1272,0.4190974533557892,positive
0,374,demo_324,324,0.4157693386077881,bad
0,375,demo_1121,1121,0.41388624906539917,bad
0,376,demo_1452,1452,0.4136112332344055,bad
0,377,demo_517,517,0.41296881437301636,bad
0,378,demo_1200,1200,0.4107222855091095,bad
0,379,demo_1372,1372,0.4089142084121704,bad
0,380,demo_1201,1201,0.40836966037750244,positive
0,381,demo_964,964,0.40320733189582825,bad
0,382,demo_1022,1022,0.4023531377315521,positive
0,383,demo_737,737,0.4003440737724304,bad
0,384,demo_673,673,0.39283570647239685,bad
0,385,demo_985,985,0.3918508291244507,bad
0,386,demo_835,835,0.39112913608551025,bad
0,387,demo_251,251,0.3870554268360138,bad
0,388,demo_1064,1064,0.38679739832878113,bad
0,389,demo_1247,1247,0.38396480679512024,bad
0,390,demo_443,443,0.3829489052295685,bad
0,391,demo_1124,1124,0.3828744888305664,bad
0,392,demo_626,626,0.378783255815506,bad
0,393,demo_1446,1446,0.37637993693351746,positive
0,394,demo_844,844,0.37577301263809204,bad
0,395,demo_637,637,0.3753637671470642,bad
0,396,demo_1071,1071,0.3746178448200226,bad
0,397,demo_617,617,0.3742017149925232,bad
0,398,demo_1293,1293,0.37360528111457825,positive
0,399,demo_1127,1127,0.37242621183395386,positive
0,400,demo_1097,1097,0.3687925636768341,positive
0,401,demo_270,270,0.3674999475479126,bad
0,402,demo_1371,1371,0.36565476655960083,bad
0,403,demo_1177,1177,0.36533746123313904,bad
0,404,demo_1164,1164,0.3651313781738281,bad
0,405,demo_1123,1123,0.3635793924331665,bad
0,406,demo_1065,1065,0.36093270778656006,bad
0,407,demo_1156,1156,0.35712194442749023,bad
0,408,demo_1189,1189,0.35492658615112305,bad
0,409,demo_519,519,0.3548962473869324,bad
0,410,demo_1086,1086,0.3513326942920685,bad
0,411,demo_706,706,0.35017669200897217,bad
0,412,demo_405,405,0.34667515754699707,bad
0,413,demo_1492,1492,0.34604009985923767,bad
0,414,demo_1146,1146,0.3455798029899597,bad
0,415,demo_945,945,0.3446119725704193,bad
0,416,demo_1497,1497,0.3441738188266754,bad
0,417,demo_1070,1070,0.34199005365371704,positive
0,418,demo_1078,1078,0.341851145029068,bad
0,419,demo_1447,1447,0.3412497639656067,positive
0,420,demo_1374,1374,0.3410155773162842,bad
0,421,demo_1096,1096,0.3406785726547241,bad
0,422,demo_1476,1476,0.33854421973228455,bad
0,423,demo_990,990,0.33674171566963196,bad
0,424,demo_1053,1053,0.3326607644557953,bad
0,425,demo_925,925,0.33135583996772766,bad
0,426,demo_686,686,0.3306026756763458,bad
0,427,demo_1073,1073,0.3257112205028534,bad
0,428,demo_996,996,0.32562851905822754,bad
0,429,demo_620,620,0.32281768321990967,bad
0,430,demo_300,300,0.32155048847198486,bad
0,431,demo_1185,1185,0.3212410509586334,bad
0,432,demo_155,155,0.3200606405735016,bad
0,433,demo_974,974,0.3191601634025574,bad
0,434,demo_696,696,0.31824150681495667,bad
0,435,demo_1061,1061,0.31738603115081787,bad
0,436,demo_853,853,0.31704840064048767,bad
0,437,demo_733,733,0.3169870674610138,bad
0,438,demo_1030,1030,0.3169822692871094,bad
0,439,demo_695,695,0.3163963556289673,bad
0,440,demo_908,908,0.31594666838645935,bad
0,441,demo_205,205,0.31524914503097534,bad
0,442,demo_1012,1012,0.3143267333507538,bad
0,443,demo_927,927,0.31388747692108154,bad
0,444,demo_1152,1152,0.3138640820980072,bad
0,445,demo_1287,1287,0.31361275911331177,bad
0,446,demo_16,16,0.3130956292152405,bad
0,447,demo_1289,1289,0.31303390860557556,positive
0,448,demo_1359,1359,0.3129741847515106,bad
0,449,demo_1113,1113,0.3126738667488098,bad
0,450,demo_1257,1257,0.31257787346839905,bad
0,451,demo_824,824,0.3120995759963989,bad
0,452,demo_1041,1041,0.3099886178970337,bad
0,453,demo_987,987,0.3094342350959778,positive
0,454,demo_970,970,0.3084929287433624,bad
0,455,demo_469,469,0.3072718381881714,bad
0,456,demo_1318,1318,0.3071991801261902,bad
0,457,demo_1020,1020,0.30565398931503296,bad
0,458,demo_681,681,0.3051076829433441,bad
0,459,demo_1331,1331,0.30467164516448975,bad
0,460,demo_472,472,0.30318278074264526,bad
0,461,demo_402,402,0.30299073457717896,bad
0,462,demo_665,665,0.29685792326927185,bad
0,463,demo_619,619,0.29629307985305786,bad
0,464,demo_977,977,0.29452183842658997,bad
0,465,demo_1196,1196,0.2941093444824219,bad
0,466,demo_518,518,0.2939062714576721,bad
0,467,demo_1228,1228,0.2927521765232086,bad
0,468,demo_1351,1351,0.29241928458213806,positive
0,469,demo_993,993,0.2916048765182495,bad
0,470,demo_861,861,0.28748854994773865,bad
0,471,demo_984,984,0.2872495651245117,bad
0,472,demo_992,992,0.28710001707077026,bad
0,473,demo_778,778,0.2869570851325989,bad
0,474,demo_218,218,0.2854795455932617,bad
0,475,demo_1461,1461,0.285393625497818,positive
0,476,demo_713,713,0.2848605811595917,bad
0,477,demo_1133,1133,0.2831009328365326,bad
0,478,demo_788,788,0.2829223871231079,bad
0,479,demo_137,137,0.2808815836906433,bad
0,480,demo_1091,1091,0.27973154187202454,bad
0,481,demo_1338,1338,0.277755469083786,bad
0,482,demo_12,12,0.27773842215538025,bad
0,483,demo_248,248,0.2767418324947357,bad
0,484,demo_745,745,0.2750723659992218,bad
0,485,demo_647,647,0.2746003270149231,bad
0,486,demo_177,177,0.2744947671890259,bad
0,487,demo_991,991,0.273904412984848,bad
0,488,demo_741,741,0.2734529674053192,bad
0,489,demo_898,898,0.2732134163379669,bad
0,490,demo_107,107,0.2727492153644562,bad
0,491,demo_1486,1486,0.271950364112854,bad
0,492,demo_1080,1080,0.2714206576347351,bad
0,493,demo_1046,1046,0.2709397077560425,bad
0,494,demo_1327,1327,0.2679145634174347,bad
0,495,demo_1074,1074,0.26561522483825684,bad
0,496,demo_934,934,0.2654205858707428,bad
0,497,demo_976,976,0.26492565870285034,bad
0,498,demo_906,906,0.2637530565261841,bad
0,499,demo_821,821,0.2636326253414154,bad
0,500,demo_765,765,0.2635023891925812,bad
0,501,demo_1115,1115,0.26209861040115356,bad
0,502,demo_822,822,0.26152798533439636,bad
0,503,demo_604,604,0.2594089210033417,bad
0,504,demo_1129,1129,0.25927430391311646,bad
0,505,demo_142,142,0.25781795382499695,bad
0,506,demo_169,169,0.2570420205593109,bad
0,507,demo_633,633,0.2561766505241394,bad
0,508,demo_645,645,0.25582513213157654,bad
0,509,demo_331,331,0.25557246804237366,bad
0,510,demo_854,854,0.25530868768692017,bad
0,511,demo_924,924,0.25413116812705994,bad
0,512,demo_413,413,0.2539938688278198,bad
0,513,demo_951,951,0.25290971994400024,bad
0,514,demo_32,32,0.2528722286224365,bad
0,515,demo_1035,1035,0.2527213394641876,positive
0,516,demo_1415,1415,0.25262650847435,positive
0,517,demo_1484,1484,0.2513023316860199,bad
0,518,demo_540,540,0.2504870593547821,bad
0,519,demo_333,333,0.24769951403141022,bad
0,520,demo_1098,1098,0.2474118024110794,bad
0,521,demo_986,986,0.24643577635288239,bad
0,522,demo_612,612,0.24635666608810425,bad
0,523,demo_1079,1079,0.245716392993927,bad
0,524,demo_188,188,0.2449067234992981,bad
0,525,demo_961,961,0.24352650344371796,bad
0,526,demo_76,76,0.24213679134845734,bad
0,527,demo_601,601,0.24149103462696075,bad
0,528,demo_917,917,0.2410157322883606,bad
0,529,demo_100,100,0.24077048897743225,bad
0,530,demo_1396,1396,0.2406802624464035,bad
0,531,demo_1171,1171,0.24044468998908997,positive
0,532,demo_930,930,0.2394135594367981,bad
0,533,demo_817,817,0.23844873905181885,bad
0,534,demo_1168,1168,0.2381609082221985,bad
0,535,demo_859,859,0.23801861703395844,bad
0,536,demo_515,515,0.23781901597976685,bad
0,537,demo_352,352,0.23489545285701752,bad
0,538,demo_473,473,0.2344752550125122,bad
0,539,demo_652,652,0.23434418439865112,bad
0,540,demo_1194,1194,0.23317359387874603,bad
0,541,demo_481,481,0.23295816779136658,bad
0,542,demo_1085,1085,0.22874176502227783,positive
0,543,demo_260,260,0.22803735733032227,bad
0,544,demo_678,678,0.22616668045520782,bad
0,545,demo_307,307,0.22608184814453125,bad
0,546,demo_749,749,0.22523607313632965,bad
0,547,demo_697,697,0.22523264586925507,bad
0,548,demo_1001,1001,0.22496762871742249,positive
0,549,demo_1014,1014,0.22461827099323273,bad
0,550,demo_919,919,0.22288690507411957,bad
0,551,demo_762,762,0.22183328866958618,bad
0,552,demo_337,337,0.22085747122764587,bad
0,553,demo_855,855,0.22054855525493622,bad
0,554,demo_850,850,0.22043462097644806,bad
0,555,demo_266,266,0.21921518445014954,bad
0,556,demo_296,296,0.21705058217048645,bad
0,557,demo_1254,1254,0.21650813519954681,positive
0,558,demo_527,527,0.21615996956825256,bad
0,559,demo_492,492,0.21606086194515228,bad
0,560,demo_530,530,0.21595293283462524,bad
0,561,demo_1021,1021,0.2157771736383438,bad
0,562,demo_983,983,0.21557959914207458,positive
0,563,demo_615,615,0.21482263505458832,bad
0,564,demo_185,185,0.21454940736293793,bad
0,565,demo_957,957,0.21316727995872498,bad
0,566,demo_140,140,0.21291889250278473,bad
0,567,demo_825,825,0.21274812519550323,bad
0,568,demo_554,554,0.2115684449672699,bad
0,569,demo_1029,1029,0.21150116622447968,positive
0,570,demo_262,262,0.20957906544208527,bad
0,571,demo_748,748,0.2082807868719101,bad
0,572,demo_292,292,0.2073860764503479,bad
0,573,demo_717,717,0.2059389352798462,bad
0,574,demo_935,935,0.20574431121349335,bad
0,575,demo_759,759,0.20508123934268951,bad
0,576,demo_738,738,0.20502954721450806,bad
0,577,demo_866,866,0.20495454967021942,bad
0,578,demo_726,726,0.2025318592786789,bad
0,579,demo_423,423,0.20216019451618195,bad
0,580,demo_628,628,0.20182335376739502,bad
0,581,demo_1151,1151,0.201463982462883,bad
0,582,demo_750,750,0.20089948177337646,bad
0,583,demo_214,214,0.20004987716674805,bad
0,584,demo_1225,1225,0.1996568739414215,bad
0,585,demo_1131,1131,0.1989055573940277,bad
0,586,demo_1203,1203,0.1983826756477356,bad
0,587,demo_138,138,0.1983264982700348,bad
0,588,demo_547,547,0.1974744349718094,bad
0,589,demo_1106,1106,0.19638481736183167,bad
0,590,demo_1195,1195,0.19595541059970856,positive
0,591,demo_1117,1117,0.19405314326286316,bad
0,592,demo_746,746,0.19301190972328186,bad
0,593,demo_1132,1132,0.19277165830135345,bad
0,594,demo_1433,1433,0.1925424188375473,bad
0,595,demo_1025,1025,0.1922946721315384,bad
0,596,demo_1006,1006,0.19099824130535126,bad
0,597,demo_960,960,0.18966321647167206,bad
0,598,demo_1028,1028,0.18926379084587097,bad
0,599,demo_1125,1125,0.18852949142456055,bad
0,600,demo_718,718,0.18766403198242188,bad
0,601,demo_1015,1015,0.18641860783100128,bad
0,602,demo_999,999,0.18627572059631348,bad
0,603,demo_159,159,0.1859961897134781,bad
0,604,demo_823,823,0.1859084814786911,bad
0,605,demo_1288,1288,0.18569228053092957,bad
0,606,demo_1045,1045,0.18558964133262634,bad
0,607,demo_669,669,0.1848028600215912,bad
0,608,demo_1000,1000,0.18329040706157684,bad
0,609,demo_958,958,0.18256060779094696,bad
0,610,demo_950,950,0.18089164793491364,bad
0,611,demo_139,139,0.1805790662765503,bad
0,612,demo_937,937,0.18047432601451874,bad
0,613,demo_1345,1345,0.17994441092014313,bad
0,614,demo_1110,1110,0.17825573682785034,bad
0,615,demo_1069,1069,0.17762143909931183,bad
0,616,demo_1118,1118,0.17517302930355072,bad
0,617,demo_711,711,0.17309732735157013,bad
0,618,demo_207,207,0.17306029796600342,bad
0,619,demo_74,74,0.17297038435935974,bad
0,620,demo_836,836,0.17263276875019073,bad
0,621,demo_668,668,0.1725740283727646,bad
0,622,demo_719,719,0.17105548083782196,bad
0,623,demo_979,979,0.17103701829910278,bad
0,624,demo_807,807,0.17100530862808228,bad
0,625,demo_1309,1309,0.17024360597133636,bad
0,626,demo_1248,1248,0.16996391117572784,bad
0,627,demo_731,731,0.16966861486434937,bad
0,628,demo_847,847,0.1696397066116333,bad
0,629,demo_467,467,0.1696328967809677,bad
0,630,demo_879,879,0.16941510140895844,bad
0,631,demo_1063,1063,0.16917966306209564,bad
0,632,demo_943,943,0.16810506582260132,bad
0,633,demo_512,512,0.1679651141166687,bad
0,634,demo_955,955,0.16619636118412018,bad
0,635,demo_1154,1154,0.1661090850830078,bad
0,636,demo_770,770,0.16570688784122467,bad
0,637,demo_400,400,0.164744034409523,bad
0,638,demo_1039,1039,0.16453048586845398,bad
0,639,demo_522,522,0.1632523536682129,bad
0,640,demo_831,831,0.1626731902360916,bad
0,641,demo_77,77,0.1624448150396347,bad
0,642,demo_455,455,0.16208602488040924,bad
0,643,demo_666,666,0.16178937256336212,bad
0,644,demo_994,994,0.16124558448791504,bad
0,645,demo_928,928,0.16052952408790588,bad
0,646,demo_334,334,0.1602945625782013,bad
0,647,demo_1174,1174,0.16017623245716095,bad
0,648,demo_1336,1336,0.15999674797058105,bad
0,649,demo_184,184,0.15909536182880402,bad
0,650,demo_388,388,0.1587226390838623,bad
0,651,demo_1157,1157,0.15765438973903656,bad
0,652,demo_417,417,0.15743255615234375,bad
0,653,demo_1093,1093,0.1571190059185028,bad
0,654,demo_849,849,0.15568120777606964,bad
0,655,demo_874,874,0.15487851202487946,bad
0,656,demo_907,907,0.15460601449012756,bad
0,657,demo_892,892,0.15423856675624847,bad
0,658,demo_242,242,0.1541822999715805,bad
0,659,demo_283,283,0.15367716550827026,bad
0,660,demo_842,842,0.15359696745872498,bad
0,661,demo_493,493,0.15358573198318481,bad
0,662,demo_740,740,0.15322017669677734,bad
0,663,demo_1385,1385,0.15309597551822662,bad
0,664,demo_1176,1176,0.15134544670581818,bad
0,665,demo_1451,1451,0.15098969638347626,bad
0,666,demo_915,915,0.15046820044517517,bad
0,667,demo_682,682,0.15025193989276886,bad
0,668,demo_407,407,0.15001951158046722,bad
0,669,demo_829,829,0.14988118410110474,bad
0,670,demo_145,145,0.14906463027000427,bad
0,671,demo_700,700,0.14802728593349457,bad
0,672,demo_1126,1126,0.14737831056118011,bad
0,673,demo_1105,1105,0.1467808336019516,bad
0,674,demo_215,215,0.1464681178331375,bad
0,675,demo_1450,1450,0.14622458815574646,bad
0,676,demo_735,735,0.14459945261478424,bad
0,677,demo_1104,1104,0.14451368153095245,bad
0,678,demo_1050,1050,0.1442071497440338,bad
0,679,demo_851,851,0.14181169867515564,bad
0,680,demo_1004,1004,0.14105534553527832,bad
0,681,demo_932,932,0.1399843394756317,bad
0,682,demo_284,284,0.13837586343288422,bad
0,683,demo_1067,1067,0.13699312508106232,bad
0,684,demo_828,828,0.13684077560901642,bad
0,685,demo_1149,1149,0.13666526973247528,bad
0,686,demo_72,72,0.13612161576747894,bad
0,687,demo_636,636,0.13435080647468567,bad
0,688,demo_110,110,0.13414649665355682,bad
0,689,demo_222,222,0.13337573409080505,bad
0,690,demo_1122,1122,0.1328170746564865,bad
0,691,demo_119,119,0.13185834884643555,bad
0,692,demo_904,904,0.13150572776794434,bad
0,693,demo_931,931,0.1305394172668457,bad
0,694,demo_798,798,0.12956836819648743,bad
0,695,demo_507,507,0.12935948371887207,bad
0,696,demo_973,973,0.1287262737751007,bad
0,697,demo_81,81,0.12753896415233612,bad
0,698,demo_634,634,0.12743385136127472,bad
0,699,demo_794,794,0.12729193270206451,bad
0,700,demo_625,625,0.1263987123966217,bad
0,701,demo_662,662,0.12629222869873047,bad
0,702,demo_263,263,0.12568728625774384,bad
0,703,demo_1381,1381,0.1252031773328781,bad
0,704,demo_436,436,0.12473851442337036,bad
0,705,demo_286,286,0.12431472539901733,bad
0,706,demo_597,597,0.12268567085266113,bad
0,707,demo_890,890,0.1226813867688179,bad
0,708,demo_761,761,0.12201287597417831,bad
0,709,demo_1083,1083,0.11974678188562393,bad
0,710,demo_916,916,0.11953971534967422,positive
0,711,demo_437,437,0.11921218782663345,bad
0,712,demo_80,80,0.119153693318367,bad
0,713,demo_127,127,0.11832382529973984,bad
0,714,demo_876,876,0.11769925802946091,bad
0,715,demo_79,79,0.11761429160833359,bad
0,716,demo_1054,1054,0.1171063631772995,bad
0,717,demo_452,452,0.1162920668721199,bad
0,718,demo_360,360,0.11557093262672424,bad
0,719,demo_940,940,0.11554435640573502,bad
0,720,demo_364,364,0.11495908349752426,bad
0,721,demo_969,969,0.11274073272943497,bad
0,722,demo_871,871,0.11146113276481628,bad
0,723,demo_1275,1275,0.11130644381046295,bad
0,724,demo_579,579,0.11116227507591248,bad
0,725,demo_864,864,0.1109066754579544,bad
0,726,demo_545,545,0.10930207371711731,bad
0,727,demo_1142,1142,0.10905821621417999,positive
0,728,demo_644,644,0.10882723331451416,bad
0,729,demo_693,693,0.1083996444940567,bad
0,730,demo_396,396,0.1083841472864151,bad
0,731,demo_739,739,0.10809516906738281,bad
0,732,demo_15,15,0.10798894613981247,bad
0,733,demo_166,166,0.10781790316104889,bad
0,734,demo_65,65,0.1070668026804924,bad
0,735,demo_1130,1130,0.10645416378974915,bad
0,736,demo_754,754,0.10644896328449249,bad
0,737,demo_587,587,0.10637929290533066,bad
0,738,demo_406,406,0.10591569542884827,bad
0,739,demo_1173,1173,0.10585331916809082,bad
0,740,demo_89,89,0.10571850836277008,bad
0,741,demo_564,564,0.10523232817649841,bad
0,742,demo_226,226,0.10468236356973648,bad
0,743,demo_285,285,0.10458730161190033,bad
0,744,demo_439,439,0.10441332310438156,bad
0,745,demo_551,551,0.10347951203584671,bad
0,746,demo_372,372,0.10326498746871948,bad
0,747,demo_196,196,0.10270658135414124,bad
0,748,demo_889,889,0.1025393083691597,bad
0,749,demo_791,791,0.10108210891485214,bad
0,750,demo_715,715,0.10107503086328506,bad
0,751,demo_1167,1167,0.1005692258477211,bad
0,752,demo_703,703,0.10032594949007034,bad
0,753,demo_911,911,0.10026786476373672,bad
0,754,demo_399,399,0.1000419333577156,bad
0,755,demo_48,48,0.09970676153898239,bad
0,756,demo_776,776,0.09964991360902786,bad
0,757,demo_721,721,0.09930393844842911,bad
0,758,demo_428,428,0.09902136772871017,bad
0,759,demo_981,981,0.09869067370891571,bad
0,760,demo_418,418,0.09843670576810837,bad
0,761,demo_784,784,0.09843631833791733,bad
0,762,demo_118,118,0.09826696664094925,bad
0,763,demo_1153,1153,0.09817559272050858,bad
0,764,demo_657,657,0.09809131175279617,bad
0,765,demo_813,813,0.09794402122497559,bad
0,766,demo_387,387,0.09706409275531769,bad
0,767,demo_872,872,0.09683389961719513,bad
0,768,demo_793,793,0.09680414199829102,bad
0,769,demo_62,62,0.09599629044532776,bad
0,770,demo_875,875,0.0958619937300682,bad
0,771,demo_947,947,0.09522999078035355,bad
0,772,demo_654,654,0.09518575668334961,bad
0,773,demo_338,338,0.09517810493707657,bad
0,774,demo_23,23,0.09493368864059448,bad
0,775,demo_1051,1051,0.09485870599746704,bad
0,776,demo_318,318,0.09391441196203232,bad
0,777,demo_358,358,0.09322473406791687,bad
0,778,demo_899,899,0.09177354723215103,bad
0,779,demo_623,623,0.09168842434883118,bad
0,780,demo_674,674,0.09164553135633469,bad
0,781,demo_319,319,0.09070815145969391,bad
0,782,demo_683,683,0.0903337374329567,bad
0,783,demo_766,766,0.09025699645280838,bad
0,784,demo_173,173,0.0898509994149208,bad
0,785,demo_787,787,0.0895984023809433,bad
0,786,demo_264,264,0.08943986892700195,bad
0,787,demo_698,698,0.08935791999101639,bad
0,788,demo_143,143,0.08930365741252899,bad
0,789,demo_503,503,0.08911515772342682,bad
0,790,demo_621,621,0.08888692408800125,bad
0,791,demo_273,273,0.08885636925697327,bad
0,792,demo_555,555,0.08875280618667603,bad
0,793,demo_1181,1181,0.08807339519262314,bad
0,794,demo_769,769,0.087922602891922,bad
0,795,demo_1111,1111,0.08780961483716965,bad
0,796,demo_129,129,0.08767244219779968,bad
0,797,demo_846,846,0.08709441870450974,bad
0,798,demo_298,298,0.08664321899414062,bad
0,799,demo_611,611,0.08648239821195602,bad
0,800,demo_363,363,0.08634704351425171,bad
0,801,demo_613,613,0.08554722368717194,bad
0,802,demo_687,687,0.08524256199598312,bad
0,803,demo_201,201,0.0849408209323883,bad
0,804,demo_959,959,0.08431904762983322,bad
0,805,demo_280,280,0.08423317968845367,bad
0,806,demo_755,755,0.08399144560098648,bad
0,807,demo_1187,1187,0.08388324826955795,bad
0,808,demo_194,194,0.08374320715665817,bad
0,809,demo_913,913,0.08338487893342972,bad
0,810,demo_632,632,0.08298078924417496,bad
0,811,demo_59,59,0.08270430564880371,bad
0,812,demo_239,239,0.08270323276519775,bad
0,813,demo_537,537,0.0826147049665451,bad
0,814,demo_158,158,0.08238944411277771,bad
0,815,demo_19,19,0.08212229609489441,bad
0,816,demo_631,631,0.08180174231529236,bad
0,817,demo_781,781,0.08130078762769699,bad
0,818,demo_602,602,0.08119659125804901,bad
0,819,demo_187,187,0.08090062439441681,bad
0,820,demo_1107,1107,0.08078985661268234,bad
0,821,demo_1299,1299,0.08047643303871155,bad
0,822,demo_764,764,0.0801938995718956,bad
0,823,demo_1109,1109,0.07993131130933762,bad
0,824,demo_70,70,0.0792979821562767,bad
0,825,demo_926,926,0.07914211601018906,bad
0,826,demo_783,783,0.07912089675664902,bad
0,827,demo_865,865,0.07908469438552856,bad
0,828,demo_1005,1005,0.07857050746679306,bad
0,829,demo_888,888,0.07840824872255325,bad
0,830,demo_1134,1134,0.07804787904024124,bad
0,831,demo_7,7,0.07776208966970444,bad
0,832,demo_257,257,0.07693622261285782,bad
0,833,demo_1094,1094,0.07673909515142441,bad
0,834,demo_55,55,0.07623057067394257,bad
0,835,demo_1072,1072,0.07617289572954178,bad
0,836,demo_488,488,0.07573234289884567,bad
0,837,demo_1031,1031,0.07546636462211609,bad
0,838,demo_982,982,0.07421037554740906,bad
0,839,demo_477,477,0.07358457148075104,bad
0,840,demo_607,607,0.07352998852729797,bad
0,841,demo_716,716,0.07349555939435959,bad
0,842,demo_812,812,0.07349354028701782,bad
0,843,demo_1159,1159,0.07309359312057495,bad
0,844,demo_775,775,0.0730145275592804,bad
0,845,demo_830,830,0.07283265143632889,bad
0,846,demo_944,944,0.07277309894561768,bad
0,847,demo_1409,1409,0.07261676341295242,bad
0,848,demo_800,800,0.07241418957710266,bad
0,849,demo_29,29,0.07232676446437836,bad
0,850,demo_688,688,0.07220157980918884,bad
0,851,demo_152,152,0.07209844142198563,bad
0,852,demo_141,141,0.07176259160041809,bad
0,853,demo_1066,1066,0.07093566656112671,bad
0,854,demo_841,841,0.07075180113315582,bad
0,855,demo_655,655,0.07037630677223206,bad
0,856,demo_661,661,0.06940659135580063,bad
0,857,demo_767,767,0.06939697265625,bad
0,858,demo_369,369,0.06918328255414963,bad
0,859,demo_244,244,0.06878620386123657,bad
0,860,demo_219,219,0.06877043098211288,bad
0,861,demo_780,780,0.06868299096822739,bad
0,862,demo_1009,1009,0.06851805746555328,bad
0,863,demo_271,271,0.06841171532869339,bad
0,864,demo_543,543,0.06834903359413147,bad
0,865,demo_801,801,0.06778445094823837,bad
0,866,demo_877,877,0.06769409775733948,bad
0,867,demo_629,629,0.06749572604894638,bad
0,868,demo_671,671,0.0667923167347908,bad
0,869,demo_556,556,0.06673156470060349,bad
0,870,demo_539,539,0.06671149283647537,bad
0,871,demo_1179,1179,0.06658833473920822,bad
0,872,demo_860,860,0.06589431315660477,bad
0,873,demo_228,228,0.06588269025087357,bad
0,874,demo_702,702,0.06581440567970276,bad
0,875,demo_362,362,0.0657225027680397,bad
0,876,demo_635,635,0.06533586978912354,bad
0,877,demo_255,255,0.06530725210905075,bad
0,878,demo_45,45,0.06529448926448822,bad
0,879,demo_837,837,0.06519125401973724,bad
0,880,demo_902,902,0.06468120217323303,bad
0,881,demo_498,498,0.0644528940320015,bad
0,882,demo_689,689,0.06403389573097229,bad
0,883,demo_712,712,0.06402148306369781,bad
0,884,demo_963,963,0.06379052996635437,bad
0,885,demo_948,948,0.06350121647119522,bad
0,886,demo_1178,1178,0.06328093260526657,bad
0,887,demo_989,989,0.062469664961099625,bad
0,888,demo_818,818,0.062337055802345276,bad
0,889,demo_210,210,0.062007371336221695,bad
0,890,demo_310,310,0.06198996305465698,bad
0,891,demo_663,663,0.06175152584910393,bad
0,892,demo_85,85,0.06164384260773659,bad
0,893,demo_881,881,0.06142233684659004,bad
0,894,demo_592,592,0.06132770702242851,bad
0,895,demo_1010,1010,0.061311911791563034,bad
0,896,demo_340,340,0.0611419752240181,bad
0,897,demo_1183,1183,0.061014365404844284,bad
0,898,demo_349,349,0.06069578975439072,bad
0,899,demo_351,351,0.06057261675596237,bad
0,900,demo_694,694,0.06022098660469055,bad
0,901,demo_605,605,0.06016962602734566,bad
0,902,demo_282,282,0.060161933302879333,bad
0,903,demo_487,487,0.05999317020177841,bad
0,904,demo_641,641,0.05983951687812805,bad
0,905,demo_648,648,0.059768352657556534,bad
0,906,demo_941,941,0.05958268418908119,bad
0,907,demo_785,785,0.05923381820321083,bad
0,908,demo_863,863,0.059145234525203705,bad
0,909,demo_380,380,0.05899222567677498,bad
0,910,demo_900,900,0.05893484130501747,bad
0,911,demo_329,329,0.05870445817708969,bad
0,912,demo_773,773,0.058603834360837936,bad
0,913,demo_1250,1250,0.05854133516550064,bad
0,914,demo_895,895,0.058299362659454346,bad
0,915,demo_96,96,0.058213718235492706,bad
0,916,demo_747,747,0.05734991654753685,bad
0,917,demo_42,42,0.05719219893217087,bad
0,918,demo_729,729,0.05699685961008072,bad
0,919,demo_840,840,0.05683686584234238,bad
0,920,demo_147,147,0.056724969297647476,bad
0,921,demo_1,1,0.056673191487789154,bad
0,922,demo_167,167,0.05645551159977913,bad
0,923,demo_680,680,0.05526721477508545,bad
0,924,demo_968,968,0.05518866330385208,bad
0,925,demo_690,690,0.05484103038907051,bad
0,926,demo_885,885,0.054698556661605835,bad
0,927,demo_744,744,0.05468185991048813,bad
0,928,demo_416,416,0.05448511242866516,bad
0,929,demo_589,589,0.05425730347633362,bad
0,930,demo_191,191,0.054192811250686646,bad
0,931,demo_814,814,0.053588155657052994,bad
0,932,demo_704,704,0.05353826656937599,bad
0,933,demo_2,2,0.05353691056370735,bad
0,934,demo_151,151,0.05344961956143379,bad
0,935,demo_566,566,0.05331382900476456,bad
0,936,demo_810,810,0.05326090753078461,bad
0,937,demo_873,873,0.05315259099006653,bad
0,938,demo_451,451,0.0529799647629261,bad
0,939,demo_250,250,0.05287209898233414,bad
0,940,demo_392,392,0.05243343859910965,bad
0,941,demo_595,595,0.05170130729675293,bad
0,942,demo_1090,1090,0.051575712859630585,bad
0,943,demo_120,120,0.0511627271771431,bad
0,944,demo_415,415,0.050885073840618134,bad
0,945,demo_150,150,0.050506703555583954,bad
0,946,demo_732,732,0.050402652472257614,bad
0,947,demo_576,576,0.05007491260766983,bad
0,948,demo_809,809,0.050026584416627884,bad
0,949,demo_736,736,0.04966070130467415,bad
0,950,demo_839,839,0.04937174171209335,bad
0,951,demo_288,288,0.04917342960834503,bad
0,952,demo_675,675,0.04894092679023743,bad
0,953,demo_772,772,0.04883631318807602,bad
0,954,demo_84,84,0.04883206635713577,bad
0,955,demo_610,610,0.048776403069496155,bad
0,956,demo_833,833,0.048553526401519775,bad
0,957,demo_588,588,0.04790952429175377,bad
0,958,demo_243,243,0.047900620847940445,bad
0,959,demo_1155,1155,0.047587763518095016,bad
0,960,demo_757,757,0.046863853931427,bad
0,961,demo_710,710,0.04651539400219917,bad
0,962,demo_458,458,0.04650385305285454,bad
0,963,demo_722,722,0.04633215814828873,bad
0,964,demo_804,804,0.04632824286818504,bad
0,965,demo_410,410,0.04592696204781532,bad
0,966,demo_630,630,0.04573730006814003,bad
0,967,demo_886,886,0.045733507722616196,bad
0,968,demo_321,321,0.0453927256166935,bad
0,969,demo_650,650,0.04519210010766983,bad
0,970,demo_653,653,0.04517565295100212,bad
0,971,demo_33,33,0.04463370144367218,bad
0,972,demo_857,857,0.044499147683382034,bad
0,973,demo_101,101,0.04397304356098175,bad
0,974,demo_193,193,0.043224185705184937,bad
0,975,demo_97,97,0.043079864233732224,bad
0,976,demo_760,760,0.0426693856716156,bad
0,977,demo_786,786,0.04240657016634941,bad
0,978,demo_411,411,0.04235810041427612,bad
0,979,demo_61,61,0.04232986271381378,bad
0,980,demo_868,868,0.04229269176721573,bad
0,981,demo_894,894,0.04227972403168678,bad
0,982,demo_852,852,0.042075831443071365,bad
0,983,demo_154,154,0.042029280215501785,bad
0,984,demo_659,659,0.04177948832511902,bad
0,985,demo_356,356,0.04174167290329933,bad
0,986,demo_435,435,0.04169802367687225,bad
0,987,demo_827,827,0.04160580411553383,bad
0,988,demo_526,526,0.04158103093504906,bad
0,989,demo_426,426,0.041508231312036514,bad
0,990,demo_168,168,0.04137605428695679,bad
0,991,demo_367,367,0.04120054841041565,bad
0,992,demo_209,209,0.041029758751392365,bad
0,993,demo_584,584,0.041009288281202316,bad
0,994,demo_618,618,0.040678128600120544,bad
0,995,demo_887,887,0.04058109596371651,bad
0,996,demo_656,656,0.040470704436302185,bad
0,997,demo_1038,1038,0.040386103093624115,bad
0,998,demo_208,208,0.04012703523039818,bad
0,999,demo_921,921,0.040032800287008286,bad
0,1000,demo_186,186,0.04001554846763611,bad
0,1001,demo_21,21,0.039995402097702026,bad
0,1002,demo_459,459,0.039718903601169586,bad
0,1003,demo_1037,1037,0.03969774395227432,bad
0,1004,demo_234,234,0.03910857066512108,bad
0,1005,demo_421,421,0.038655683398246765,bad
0,1006,demo_882,882,0.038596488535404205,bad
0,1007,demo_211,211,0.038402799516916275,bad
0,1008,demo_397,397,0.03837916627526283,bad
0,1009,demo_233,233,0.03835908696055412,bad
0,1010,demo_252,252,0.03802443668246269,bad
0,1011,demo_753,753,0.03796053305268288,bad
0,1012,demo_643,643,0.037952225655317307,bad
0,1013,demo_223,223,0.03717250004410744,bad
0,1014,demo_803,803,0.03659693896770477,bad
0,1015,demo_444,444,0.03614606335759163,bad
0,1016,demo_495,495,0.03606952726840973,bad
0,1017,demo_224,224,0.036057960242033005,bad
0,1018,demo_598,598,0.035884082317352295,bad
0,1019,demo_25,25,0.0358721949160099,bad
0,1020,demo_303,303,0.03586666285991669,bad
0,1021,demo_327,327,0.03586409240961075,bad
0,1022,demo_106,106,0.03565583750605583,bad
0,1023,demo_225,225,0.03507597744464874,bad
0,1024,demo_834,834,0.03507499396800995,bad
0,1025,demo_869,869,0.034871652722358704,bad
0,1026,demo_614,614,0.03486812859773636,bad
0,1027,demo_819,819,0.03467040881514549,bad
0,1028,demo_768,768,0.03466150909662247,bad
0,1029,demo_24,24,0.03453001752495766,bad
0,1030,demo_670,670,0.034386202692985535,bad
0,1031,demo_550,550,0.03389938175678253,bad
0,1032,demo_272,272,0.03384730592370033,bad
0,1033,demo_485,485,0.033808812499046326,bad
0,1034,demo_725,725,0.033781748265028,bad
0,1035,demo_164,164,0.03356769680976868,bad
0,1036,demo_294,294,0.03340199217200279,bad
0,1037,demo_520,520,0.033398110419511795,bad
0,1038,demo_771,771,0.03323059901595116,bad
0,1039,demo_606,606,0.03284306824207306,bad
0,1040,demo_782,782,0.03273067623376846,bad
0,1041,demo_802,802,0.03252518177032471,bad
0,1042,demo_277,277,0.03208725154399872,bad
0,1043,demo_1033,1033,0.032020799815654755,bad
0,1044,demo_462,462,0.0317097082734108,bad
0,1045,demo_848,848,0.031674809753894806,bad
0,1046,demo_180,180,0.031666528433561325,bad
0,1047,demo_354,354,0.031652677804231644,bad
0,1048,demo_279,279,0.031478457152843475,bad
0,1049,demo_1180,1180,0.031432610005140305,bad
0,1050,demo_708,708,0.03134388476610184,bad
0,1051,demo_22,22,0.031180692836642265,bad
0,1052,demo_131,131,0.031044451519846916,bad
0,1053,demo_212,212,0.030969861894845963,bad
0,1054,demo_572,572,0.030793054029345512,bad
0,1055,demo_797,797,0.030699335038661957,bad
0,1056,demo_533,533,0.030629336833953857,bad
0,1057,demo_305,305,0.0304464939981699,bad
0,1058,demo_28,28,0.030387720093131065,bad
0,1059,demo_434,434,0.030303938314318657,bad
0,1060,demo_190,190,0.030292537063360214,bad
0,1061,demo_1044,1044,0.030262010172009468,positive
0,1062,demo_440,440,0.02970879152417183,bad
0,1063,demo_450,450,0.02924523688852787,bad
0,1064,demo_256,256,0.029156863689422607,bad
0,1065,demo_1103,1103,0.029031595215201378,bad
0,1066,demo_115,115,0.028931837528944016,bad
0,1067,demo_149,149,0.028804536908864975,bad
0,1068,demo_52,52,0.028752952814102173,bad
0,1069,demo_676,676,0.02870955504477024,bad
0,1070,demo_8,8,0.028656577691435814,bad
0,1071,demo_460,460,0.028642285615205765,bad
0,1072,demo_403,403,0.028495509177446365,bad
0,1073,demo_43,43,0.028340578079223633,bad
0,1074,demo_777,777,0.028247101232409477,bad
0,1075,demo_94,94,0.028141746297478676,bad
0,1076,demo_429,429,0.028095178306102753,bad
0,1077,demo_978,978,0.028048865497112274,bad
0,1078,demo_808,808,0.02784510888159275,bad
0,1079,demo_954,954,0.027814477682113647,bad
0,1080,demo_232,232,0.027788203209638596,bad
0,1081,demo_880,880,0.02772638574242592,bad
0,1082,demo_108,108,0.027634544298052788,bad
0,1083,demo_779,779,0.027626873925328255,bad
0,1084,demo_988,988,0.02758564054965973,bad
0,1085,demo_640,640,0.02754133567214012,bad
0,1086,demo_217,217,0.027509914711117744,bad
0,1087,demo_638,638,0.027479127049446106,bad
0,1088,demo_845,845,0.0273145642131567,bad
0,1089,demo_790,790,0.02730548568069935,bad
0,1090,demo_197,197,0.027233855798840523,bad
0,1091,demo_200,200,0.02719101868569851,bad
0,1092,demo_884,884,0.02711549773812294,bad
0,1093,demo_658,658,0.02709342911839485,bad
0,1094,demo_505,505,0.027074450626969337,bad
0,1095,demo_586,586,0.027041921392083168,bad
0,1096,demo_371,371,0.026799805462360382,bad
0,1097,demo_353,353,0.026769081130623817,bad
0,1098,demo_370,370,0.026665834710001945,bad
0,1099,demo_685,685,0.02663644589483738,bad
0,1100,demo_231,231,0.02652990259230137,bad
0,1101,demo_752,752,0.026523476466536522,bad
0,1102,demo_122,122,0.026515386998653412,bad
0,1103,demo_838,838,0.026375772431492805,bad
0,1104,demo_332,332,0.026374168694019318,bad
0,1105,demo_18,18,0.02632245607674122,bad
0,1106,demo_774,774,0.026180123910307884,bad
0,1107,demo_301,301,0.0261054839938879,bad
0,1108,demo_378,378,0.02609770931303501,bad
0,1109,demo_714,714,0.026041047647595406,bad
0,1110,demo_57,57,0.025976812466979027,bad
0,1111,demo_867,867,0.02586493454873562,bad
0,1112,demo_123,123,0.025815030559897423,bad
0,1113,demo_109,109,0.025573525577783585,bad
0,1114,demo_44,44,0.0254447590559721,bad
0,1115,demo_446,446,0.02539406716823578,bad
0,1116,demo_281,281,0.025392528623342514,bad
0,1117,demo_724,724,0.025308949872851372,bad
0,1118,demo_157,157,0.02509022131562233,bad
0,1119,demo_10,10,0.025044400244951248,bad
0,1120,demo_41,41,0.025030527263879776,bad
0,1121,demo_26,26,0.024922408163547516,bad
0,1122,demo_502,502,0.024596858769655228,bad
0,1123,demo_95,95,0.024519015103578568,bad
0,1124,demo_536,536,0.02449508011341095,bad
0,1125,demo_56,56,0.024423055350780487,bad
0,1126,demo_246,246,0.024341696873307228,bad
0,1127,demo_464,464,0.024228544905781746,bad
0,1128,demo_649,649,0.024226095527410507,bad
0,1129,demo_806,806,0.023988984525203705,bad
0,1130,demo_470,470,0.02397708036005497,bad
0,1131,demo_508,508,0.023906037211418152,bad
0,1132,demo_453,453,0.02388128824532032,positive
0,1133,demo_78,78,0.023809662088751793,bad
0,1134,demo_504,504,0.023722751066088676,bad
0,1135,demo_361,361,0.023659035563468933,bad
0,1136,demo_789,789,0.02362123876810074,bad
0,1137,demo_99,99,0.023585688322782516,bad
0,1138,demo_548,548,0.02346222847700119,bad
0,1139,demo_34,34,0.023119166493415833,bad
0,1140,demo_427,427,0.02308606170117855,bad
0,1141,demo_600,600,0.0230226069688797,bad
0,1142,demo_480,480,0.0230124332010746,bad
0,1143,demo_897,897,0.022985387593507767,bad
0,1144,demo_483,483,0.022907761856913567,bad
0,1145,demo_20,20,0.02273607812821865,bad
0,1146,demo_509,509,0.0227142795920372,bad
0,1147,demo_316,316,0.02250313200056553,bad
0,1148,demo_461,461,0.022343339398503304,bad
0,1149,demo_14,14,0.02222404070198536,bad
0,1150,demo_723,723,0.022203324362635612,bad
0,1151,demo_422,422,0.02190050669014454,positive
0,1152,demo_583,583,0.02178436890244484,bad
0,1153,demo_216,216,0.02176683582365513,bad
0,1154,demo_183,183,0.0215892530977726,bad
0,1155,demo_126,126,0.021491648629307747,bad
0,1156,demo_302,302,0.021446146070957184,bad
0,1157,demo_135,135,0.021408801898360252,bad
0,1158,demo_465,465,0.02129298821091652,bad
0,1159,demo_132,132,0.021109921857714653,bad
0,1160,demo_128,128,0.020986422896385193,bad
0,1161,demo_570,570,0.02086091972887516,bad
0,1162,demo_524,524,0.02078273519873619,bad
0,1163,demo_182,182,0.020767759531736374,bad
0,1164,demo_486,486,0.020746910944581032,bad
0,1165,demo_603,603,0.02054256945848465,bad
0,1166,demo_646,646,0.02053886465728283,bad
0,1167,demo_17,17,0.020337162539362907,bad
0,1168,demo_68,68,0.020240308716893196,bad
0,1169,demo_136,136,0.020236212760210037,bad
0,1170,demo_174,174,0.02007676661014557,bad
0,1171,demo_574,574,0.020017467439174652,bad
0,1172,demo_5,5,0.020001564174890518,bad
0,1173,demo_326,326,0.019992439076304436,bad
0,1174,demo_346,346,0.019978949800133705,bad
0,1175,demo_728,728,0.019872264936566353,bad
0,1176,demo_569,569,0.01982717588543892,bad
0,1177,demo_544,544,0.019823336973786354,bad
0,1178,demo_313,313,0.019740000367164612,bad
0,1179,demo_582,582,0.019692150875926018,bad
0,1180,demo_90,90,0.019631434231996536,bad
0,1181,demo_98,98,0.019600721076130867,bad
0,1182,demo_442,442,0.019388286396861076,bad
0,1183,demo_134,134,0.019292721524834633,bad
0,1184,demo_293,293,0.0191708505153656,bad
0,1185,demo_350,350,0.018940819427371025,bad
0,1186,demo_46,46,0.018819542601704597,bad
0,1187,demo_506,506,0.01876906119287014,bad
0,1188,demo_742,742,0.018767522647976875,bad
0,1189,demo_516,516,0.018750548362731934,bad
0,1190,demo_474,474,0.018736330792307854,bad
0,1191,demo_385,385,0.01864275336265564,bad
0,1192,demo_677,677,0.0186042208224535,bad
0,1193,demo_590,590,0.0185354296118021,bad
0,1194,demo_203,203,0.018403464928269386,bad
0,1195,demo_113,113,0.018353376537561417,bad
0,1196,demo_660,660,0.018352750688791275,bad
0,1197,demo_591,591,0.01832902431488037,bad
0,1198,demo_315,315,0.018268996849656105,bad
0,1199,demo_382,382,0.018223615363240242,bad
0,1200,demo_386,386,0.018165724352002144,bad
0,1201,demo_409,409,0.01812310889363289,bad
0,1202,demo_734,734,0.018050892278552055,bad
0,1203,demo_64,64,0.018025871366262436,bad
0,1204,demo_664,664,0.017878200858831406,bad
0,1205,demo_457,457,0.01764749363064766,bad
0,1206,demo_432,432,0.017585011199116707,bad
0,1207,demo_596,596,0.017577357590198517,bad
0,1208,demo_104,104,0.017418216913938522,bad
0,1209,demo_238,238,0.017360778525471687,bad
0,1210,demo_699,699,0.01721806637942791,bad
0,1211,demo_538,538,0.017054950818419456,bad
0,1212,demo_221,221,0.017015116289258003,bad
0,1213,demo_616,616,0.016984879970550537,bad
0,1214,demo_639,639,0.016941005364060402,bad
0,1215,demo_374,374,0.016919607296586037,bad
0,1216,demo_513,513,0.01689211279153824,bad
0,1217,demo_268,268,0.016889048740267754,bad
0,1218,demo_624,624,0.016741150990128517,bad
0,1219,demo_525,525,0.01660463958978653,bad
0,1220,demo_366,366,0.016593175008893013,bad
0,1221,demo_565,565,0.0162956565618515,bad
0,1222,demo_320,320,0.01628754287958145,bad
0,1223,demo_431,431,0.016284234821796417,bad
0,1224,demo_599,599,0.01610647328197956,bad
0,1225,demo_398,398,0.015957718715071678,bad
0,1226,demo_309,309,0.015891574323177338,bad
0,1227,demo_627,627,0.01582277938723564,bad
0,1228,demo_53,53,0.01580815389752388,bad
0,1229,demo_181,181,0.0157720148563385,bad
0,1230,demo_335,335,0.015734462067484856,bad
0,1231,demo_357,357,0.01569179818034172,bad
0,1232,demo_368,368,0.01567869447171688,bad
0,1233,demo_199,199,0.015678348019719124,bad
0,1234,demo_490,490,0.015551900491118431,bad
0,1235,demo_394,394,0.015514791943132877,bad
0,1236,demo_314,314,0.015509662218391895,bad
0,1237,demo_395,395,0.01547820121049881,bad
0,1238,demo_105,105,0.015472976490855217,bad
0,1239,demo_278,278,0.015209294855594635,bad
0,1240,demo_535,535,0.015143592841923237,bad
0,1241,demo_561,561,0.01503821648657322,bad
0,1242,demo_730,730,0.014938628301024437,bad
0,1243,demo_1002,1002,0.014853144064545631,bad
0,1244,demo_567,567,0.0148391742259264,bad
0,1245,demo_125,125,0.014689906500279903,bad
0,1246,demo_344,344,0.014683092013001442,bad
0,1247,demo_146,146,0.014573481865227222,bad
0,1248,demo_304,304,0.01435730792582035,bad
0,1249,demo_347,347,0.014272518455982208,bad
0,1250,demo_63,63,0.014208969660103321,bad
0,1251,demo_511,511,0.014153499156236649,bad
0,1252,demo_230,230,0.014121325686573982,bad
0,1253,demo_727,727,0.014042613096535206,bad
0,1254,demo_342,342,0.014028746634721756,bad
0,1255,demo_404,404,0.014022976160049438,positive
0,1256,demo_456,456,0.013778705149888992,bad
0,1257,demo_560,560,0.01374241802841425,bad
0,1258,demo_381,381,0.013522357679903507,bad
0,1259,demo_102,102,0.013513470068573952,bad
0,1260,demo_489,489,0.013305886648595333,bad
0,1261,demo_501,501,0.013200273737311363,bad
0,1262,demo_593,593,0.013185477815568447,bad
0,1263,demo_274,274,0.013134792447090149,bad
0,1264,demo_170,170,0.013074208050966263,bad
0,1265,demo_336,336,0.01305319368839264,bad
0,1266,demo_161,161,0.0128592848777771,bad
0,1267,demo_9,9,0.012706995010375977,bad
0,1268,demo_514,514,0.0126502038910985,bad
0,1269,demo_449,449,0.012614837847650051,bad
0,1270,demo_466,466,0.012559487484395504,bad
0,1271,demo_454,454,0.012330524623394012,bad
0,1272,demo_393,393,0.012303587980568409,bad
0,1273,demo_419,419,0.012276735156774521,bad
0,1274,demo_317,317,0.012271082028746605,bad
0,1275,demo_563,563,0.012111825868487358,bad
0,1276,demo_312,312,0.012088052928447723,bad
0,1277,demo_308,308,0.01207805797457695,bad
0,1278,demo_328,328,0.01207712385803461,bad
0,1279,demo_585,585,0.01201094314455986,bad
0,1280,demo_377,377,0.012010129168629646,bad
0,1281,demo_862,862,0.011989482678472996,bad
0,1282,demo_546,546,0.011728733777999878,bad
0,1283,demo_491,491,0.011717702262103558,bad
0,1284,demo_179,179,0.011710413731634617,bad
0,1285,demo_811,811,0.011678645387291908,bad
0,1286,demo_542,542,0.011673296801745892,bad
0,1287,demo_430,430,0.01164505910128355,bad
0,1288,demo_391,391,0.011580737307667732,bad
0,1289,demo_482,482,0.01156680565327406,bad
0,1290,demo_341,341,0.011528512462973595,bad
0,1291,demo_144,144,0.011526568792760372,bad
0,1292,demo_343,343,0.011382896453142166,bad
0,1293,demo_384,384,0.011367113329470158,bad
0,1294,demo_148,148,0.011314773932099342,bad
0,1295,demo_521,521,0.011296391487121582,bad
0,1296,demo_571,571,0.011280916631221771,bad
0,1297,demo_311,311,0.011231466196477413,bad
0,1298,demo_578,578,0.011184384115040302,bad
0,1299,demo_531,531,0.011094321496784687,bad
0,1300,demo_577,577,0.011005338281393051,bad
0,1301,demo_355,355,0.010624358430504799,bad
0,1302,demo_390,390,0.010527029633522034,bad
0,1303,demo_758,758,0.010518699884414673,bad
0,1304,demo_35,35,0.01031674537807703,bad
0,1305,demo_484,484,0.010263185016810894,bad
0,1306,demo_558,558,0.010199992917478085,bad
0,1307,demo_496,496,0.010180081240832806,bad
0,1308,demo_156,156,0.009968966245651245,bad
0,1309,demo_379,379,0.009891746565699577,positive
0,1310,demo_49,49,0.009827827103435993,bad
0,1311,demo_580,580,0.00980326533317566,bad
0,1312,demo_523,523,0.009593300521373749,bad
0,1313,demo_528,528,0.00959262065589428,bad
0,1314,demo_383,383,0.009540379978716373,bad
0,1315,demo_325,325,0.009335593320429325,bad
0,1316,demo_510,510,0.009330864064395428,bad
0,1317,demo_247,247,0.00925369467586279,bad
0,1318,demo_259,259,0.009192472323775291,bad
0,1319,demo_82,82,0.009162689559161663,bad
0,1320,demo_6,6,0.009151092730462551,bad
0,1321,demo_552,552,0.00908847525715828,bad
0,1322,demo_557,557,0.009070523083209991,bad
0,1323,demo_375,375,0.008955218829214573,bad
0,1324,demo_83,83,0.00891392957419157,bad
0,1325,demo_534,534,0.008838143199682236,bad
0,1326,demo_339,339,0.008796710520982742,bad
0,1327,demo_497,497,0.008729785680770874,bad
0,1328,demo_720,720,0.00871511735022068,bad
0,1329,demo_73,73,0.008713175542652607,bad
0,1330,demo_71,71,0.008448442444205284,bad
0,1331,demo_93,93,0.008377302438020706,bad
0,1332,demo_265,265,0.008342402055859566,bad
0,1333,demo_236,236,0.008289328776299953,bad
0,1334,demo_751,751,0.008283481933176517,bad
0,1335,demo_581,581,0.008260061033070087,bad
0,1336,demo_448,448,0.00825133454054594,bad
0,1337,demo_117,117,0.008108394220471382,bad
0,1338,demo_348,348,0.008037959225475788,bad
0,1339,demo_330,330,0.007915403693914413,bad
0,1340,demo_58,58,0.0078112403862178326,bad
0,1341,demo_261,261,0.007787669543176889,bad
0,1342,demo_500,500,0.007560433354228735,bad
0,1343,demo_4,4,0.0075053987093269825,bad
0,1344,demo_88,88,0.007478176150470972,bad
0,1345,demo_499,499,0.007408314384520054,bad
0,1346,demo_175,175,0.007383508607745171,bad
0,1347,demo_306,306,0.007368189282715321,bad
0,1348,demo_162,162,0.00735415518283844,bad
0,1349,demo_389,389,0.007321290206164122,bad
0,1350,demo_237,237,0.007308004889637232,bad
0,1351,demo_54,54,0.007301344070583582,bad
0,1352,demo_373,373,0.007300452329218388,bad
0,1353,demo_38,38,0.007290294859558344,bad
0,1354,demo_27,27,0.007286868058145046,bad
0,1355,demo_198,198,0.007272989023476839,bad
0,1356,demo_529,529,0.007197885308414698,bad
0,1357,demo_479,479,0.007071461528539658,bad
0,1358,demo_276,276,0.007005604915320873,bad
0,1359,demo_91,91,0.0069520012475550175,bad
0,1360,demo_114,114,0.006906512659043074,bad
0,1361,demo_401,401,0.006843420676887035,bad
0,1362,demo_13,13,0.0068319858983159065,bad
0,1363,demo_412,412,0.00682990625500679,bad
0,1364,demo_559,559,0.006715044379234314,bad
0,1365,demo_414,414,0.006687064189463854,bad
0,1366,demo_291,291,0.006655068602412939,bad
0,1367,demo_438,438,0.00656048534438014,bad
0,1368,demo_50,50,0.006523020565509796,bad
0,1369,demo_433,433,0.006478413939476013,bad
0,1370,demo_323,323,0.0064217024482786655,bad
0,1371,demo_195,195,0.006393143907189369,bad
0,1372,demo_39,39,0.00638430705294013,bad
0,1373,demo_3,3,0.006275244522839785,bad
0,1374,demo_47,47,0.006273678038269281,bad
0,1375,demo_463,463,0.006149443332105875,bad
0,1376,demo_66,66,0.006121512036770582,bad
0,1377,demo_468,468,0.006023793946951628,bad
0,1378,demo_133,133,0.006007095333188772,bad
0,1379,demo_249,249,0.006002684589475393,bad
0,1380,demo_202,202,0.00597630999982357,bad
0,1381,demo_163,163,0.005913594271987677,bad
0,1382,demo_258,258,0.005858145654201508,bad
0,1383,demo_447,447,0.005723230075091124,bad
0,1384,demo_153,153,0.005681563168764114,bad
0,1385,demo_227,227,0.005667064338922501,bad
0,1386,demo_245,245,0.005599082913249731,bad
0,1387,demo_290,290,0.005593886598944664,bad
0,1388,demo_359,359,0.005473707802593708,bad
0,1389,demo_31,31,0.005461065098643303,bad
0,1390,demo_40,40,0.0053141359239816666,bad
0,1391,demo_532,532,0.0051645999774336815,bad
0,1392,demo_112,112,0.0050180633552372456,bad
0,1393,demo_573,573,0.004998931661248207,bad
0,1394,demo_11,11,0.004953122232109308,bad
0,1395,demo_51,51,0.004783083684742451,bad
0,1396,demo_476,476,0.0047675492241978645,bad
0,1397,demo_471,471,0.00473003089427948,bad
0,1398,demo_568,568,0.004698242526501417,bad
0,1399,demo_420,420,0.004561081528663635,bad
0,1400,demo_30,30,0.004442223813384771,bad
0,1401,demo_192,192,0.00429045083001256,bad
0,1402,demo_213,213,0.0042054313234984875,bad
0,1403,demo_172,172,0.004201188217848539,bad
0,1404,demo_289,289,0.00412852643057704,bad
0,1405,demo_124,124,0.0037315296940505505,bad
0,1406,demo_86,86,0.003629546146839857,bad
0,1407,demo_165,165,0.0035601763520389795,bad
0,1408,demo_176,176,0.0035503434482961893,bad
0,1409,demo_267,267,0.003533715382218361,bad
0,1410,demo_441,441,0.003183031687512994,bad
0,1411,demo_160,160,0.0030392503831535578,bad
0,1412,demo_229,229,0.0030099081341177225,bad
0,1413,demo_87,87,0.0029898183420300484,bad
0,1414,demo_92,92,0.002878344152122736,bad
0,1415,demo_269,269,0.0028221155516803265,bad
0,1416,demo_254,254,0.002801841590553522,bad
0,1417,demo_130,130,0.0020865797996520996,bad
0,1418,demo_189,189,0.0020052555482834578,bad
0,1419,demo_297,297,0.0011585113825276494,bad
0,1420,demo_287,287,0.0011459364322945476,bad
